{
    "counter": {
        "ACTIVE": 19539,
        "INACTIVE": 1461,
        "INVALID": 0,
        "MALICIOUS": 0,
        "SANE": 0,
        "VALID": 0,
        "total": 21000
    },
    "percentage": {
        "ACTIVE": 93.04285714285714,
        "INACTIVE": 6.9591311803372395,
        "INVALID": 0,
        "MALICIOUS": 0,
        "SANE": 0,
        "VALID": 0,
        "total": 100.00198832319438
    }
}