{
    "counter": {
        "ACTIVE": 18835,
        "INACTIVE": 2165,
        "INVALID": 0,
        "MALICIOUS": 0,
        "SANE": 0,
        "VALID": 0,
        "total": 21000
    },
    "percentage": {
        "ACTIVE": 89.69047619047619,
        "INACTIVE": 10.310996809067962,
        "INVALID": 0,
        "MALICIOUS": 0,
        "SANE": 0,
        "VALID": 0,
        "total": 100.00147299954415
    }
}