{
    "counter": {
        "ACTIVE": 19102,
        "INACTIVE": 1898,
        "INVALID": 0,
        "MALICIOUS": 0,
        "SANE": 0,
        "VALID": 0,
        "total": 21000
    },
    "percentage": {
        "ACTIVE": 90.96190476190476,
        "INACTIVE": 9.039386579035101,
        "INVALID": 0,
        "MALICIOUS": 0,
        "SANE": 0,
        "VALID": 0,
        "total": 100.00129134093986
    }
}