{
    "counter": {
        "ACTIVE": 17343,
        "INACTIVE": 3657,
        "INVALID": 0,
        "MALICIOUS": 0,
        "SANE": 0,
        "VALID": 0,
        "total": 21000
    },
    "percentage": {
        "ACTIVE": 82.58571428571429,
        "INACTIVE": 17.414285714285715,
        "INVALID": 0.0,
        "MALICIOUS": 0.0,
        "SANE": 0.0,
        "VALID": 0.0,
        "total": 100.0
    }
}