{
    "counter": {
        "ACTIVE": 18894,
        "INACTIVE": 2106,
        "INVALID": 0,
        "MALICIOUS": 0,
        "SANE": 0,
        "VALID": 0,
        "total": 21000
    },
    "percentage": {
        "ACTIVE": 89.97142857142858,
        "INACTIVE": 10.030004286326617,
        "INVALID": 0,
        "MALICIOUS": 0,
        "SANE": 0,
        "VALID": 0,
        "total": 100.00143285775519
    }
}