{
    "counter": {
        "ACTIVE": 19120,
        "INACTIVE": 1880,
        "INVALID": 0,
        "MALICIOUS": 0,
        "SANE": 0,
        "VALID": 0,
        "total": 21000
    },
    "percentage": {
        "ACTIVE": 91.04761904761905,
        "INACTIVE": 8.953660046673335,
        "INVALID": 0,
        "MALICIOUS": 0,
        "SANE": 0,
        "VALID": 0,
        "total": 100.00127909429239
    }
}