{
    "counter": {
        "ACTIVE": 19911,
        "INACTIVE": 1089,
        "INVALID": 0,
        "MALICIOUS": 0,
        "SANE": 0,
        "VALID": 0,
        "total": 21000
    },
    "percentage": {
        "ACTIVE": 94.81880089528073,
        "INACTIVE": 5.185714285714286,
        "INVALID": 0,
        "MALICIOUS": 0,
        "SANE": 0,
        "VALID": 0,
        "total": 100.00451518099501
    }
}