{
    "counter": {
        "ACTIVE": 17755,
        "INACTIVE": 3245,
        "INVALID": 0,
        "MALICIOUS": 0,
        "SANE": 0,
        "VALID": 0,
        "total": 21000
    },
    "percentage": {
        "ACTIVE": 84.54761904761905,
        "INACTIVE": 15.458269817073171,
        "INVALID": 0,
        "MALICIOUS": 0,
        "SANE": 0,
        "VALID": 0,
        "total": 100.00588886469222
    }
}