{
    "counter": {
        "ACTIVE": 17956,
        "INACTIVE": 3044,
        "INVALID": 0,
        "MALICIOUS": 0,
        "SANE": 0,
        "VALID": 0,
        "total": 21000
    },
    "percentage": {
        "ACTIVE": 85.50883375398828,
        "INACTIVE": 14.495238095238095,
        "INVALID": 0,
        "MALICIOUS": 0,
        "SANE": 0,
        "VALID": 0,
        "total": 100.00407184922638
    }
}